"","date","ch4.corr","ch4.raw","lon","lat","alt"
"1",2020-03-12 14:56:26,2100.34277575365,2100.34277575365,8.6032874555,47.390564355,0.007323333
"2",2020-03-12 14:56:28,2054.89864645874,2054.89864645874,8.603287464,47.390564345,0.004623333
"3",2020-03-12 14:56:30,2034.72005169141,2034.72005169141,8.603287466,47.39056433,-0.000126667
"4",2020-03-12 14:56:32,2014.5504691749,2014.5504691749,8.6032874455,47.390564385,0.000773333
"5",2020-03-12 14:56:34,1994.38088032375,1994.38088032375,8.6032874895,47.39056436,-0.002426667
"6",2020-03-12 14:56:36,1974.88610826552,1974.88610826552,8.6032874845,47.390564325,0.001773333
"7",2020-03-12 14:56:38,1970.31043390468,1970.31043390468,8.6032874545,47.390564335,0.001473333
"8",2020-03-12 14:56:40,1965.73545455468,1965.73545455468,8.6032874645,47.39056433,-0.002176667
"9",2020-03-12 14:56:42,1961.16047376782,1961.16047376782,8.603287462,47.39056435,0.001573333
"10",2020-03-12 14:56:44,1956.59585346566,1956.59585346566,8.603287468,47.39056434,-0.006226667
"11",2020-03-12 14:56:46,1955.94223645896,1955.94223645896,8.60328747,47.3905644,-0.003026667
"12",2020-03-12 14:56:48,1955.28861945226,1955.28861945226,8.603287464,47.390564365,-0.002626667
"13",2020-03-12 14:56:50,1954.2091780739,1954.2091780739,8.603287472,47.39056438,-0.003126667
"14",2020-03-12 14:56:52,1953.84758923581,1953.84758923581,8.603287477,47.39056438,-0.009076667
"15",2020-03-12 14:56:54,1953.48600039772,1953.48600039772,8.60328747,47.390564395,-0.009776667
"16",2020-03-12 14:56:56,1953.77678687592,1953.77678687592,8.6032874705,47.390564375,-0.009776667
"17",2020-03-12 14:56:58,1954.16541007468,1954.16541007468,8.6032874555,47.39056439,-0.006826667
"18",2020-03-12 14:57:00,1954.29385213833,1954.29385213833,8.6032874495,47.390564365,-0.005576667
"19",2020-03-12 14:57:02,1954.42229420197,1954.42229420197,8.6032874595,47.39056439,-0.005826667
"20",2020-03-12 14:57:04,1954.54014039651,1954.54014039651,8.6032874525,47.39056442,-0.006626667
"21",2020-03-12 14:57:06,1954.65541695345,1954.65541695345,8.6032874545,47.390564405,-0.008276667
"22",2020-03-12 14:57:08,1954.69194046233,1954.69194046233,8.603287472,47.390564385,-0.006676667
"23",2020-03-12 14:57:10,1954.72846397121,1954.72846397121,8.60328744,47.39056443,-0.006426667
"24",2020-03-12 14:57:12,1954.94162076487,1954.94162076487,8.603287417,47.390564425,-0.004576667
"25",2020-03-12 14:57:14,1955.15677864631,1955.15677864631,8.6032874295,47.390564415,0.000573333
"26",2020-03-12 14:57:16,1955.23782459883,1955.23782459883,8.6032874295,47.39056442,0.000323333
"27",2020-03-12 14:57:18,1955.31887055134,1955.31887055134,8.603287437,47.39056441,-0.005426667
"28",2020-03-12 14:57:20,1955.5757904059,1955.5757904059,8.6032874185,47.390564425,-0.002476667
"29",2020-03-12 14:57:22,1955.70100457788,1955.70100457788,8.603287419,47.390564415,0.000873333
"30",2020-03-12 14:57:24,1955.82621874986,1955.82621874986,8.6032874105,47.39056442,-0.003426667
"31",2020-03-12 14:57:26,1955.90300200615,1955.90300200615,8.603287398,47.390564405,0.0003233165
"32",2020-03-12 14:57:28,1955.97978526244,1955.97978526244,8.6032874005,47.39056442,0.003273333
"33",2020-03-12 14:57:30,1957.33495319464,1957.33495319464,8.603287385,47.39056442,0.001973333
"34",2020-03-12 14:57:32,1958.80004331411,1958.80004331411,8.6032874055,47.39056439,0.001023333
"35",2020-03-12 14:57:34,1959.54897105474,1959.54897105474,8.603287378,47.390564375,-0.000476667
"36",2020-03-12 14:57:36,1960.29789879537,1960.29789879537,8.603287358,47.390564405,0.000523333
"37",2020-03-12 14:57:38,1961.81601041532,1961.81601041532,8.603287362,47.390564395,0.000823333
"38",2020-03-12 14:57:40,1962.82675196278,1962.82675196278,8.603287362,47.39056441,0.000773333
"39",2020-03-12 14:57:42,1963.3241018611,1963.3241018611,8.603287332,47.39056437,0.000473333
"40",2020-03-12 14:57:44,1963.82145175942,1963.82145175942,8.6032873155,47.39056439,0.0011733165
"41",2020-03-12 14:57:46,1967.76962742344,1967.76962742344,8.603290557,47.390562035,0.832523333
"42",2020-03-12 14:57:48,1972.03436597231,1972.03436597231,8.6032955835,47.39055478,4.994173333
"43",2020-03-12 14:57:50,1973.45937293419,1973.45937293419,8.603307102,47.390541775,6.366923333
"44",2020-03-12 14:57:52,1974.88437989608,1974.88437989608,8.6033315475,47.390524955,6.607273333
"45",2020-03-12 14:57:54,1982.50368345989,1982.50368345989,8.603344558,47.390515025,6.562123333
"46",2020-03-12 14:57:56,1990.67968120058,1990.67968120058,8.6033493985,47.39051422,6.476523333
"47",2020-03-12 14:57:58,1993.3975771801,1993.3975771801,8.603350087,47.390518415,6.369923333
"48",2020-03-12 14:58:00,1996.11547315962,1996.11547315962,8.6033919125,47.390505955,6.295623333
"49",2020-03-12 14:58:02,2010.86948211464,2010.86948211464,8.603467519,47.390479085,6.152123333
"50",2020-03-12 14:58:04,2018.96703975485,2018.96703975485,8.603531845,47.390450735,6.126023333
"51",2020-03-12 14:58:06,2027.06459739506,2027.06459739506,8.603584997,47.39042375,6.072023333
"52",2020-03-12 14:58:08,2037.8700493943,2037.8700493943,8.603633394,47.390398395,6.046823333
"53",2020-03-12 14:58:10,2066.75418892072,2066.75418892072,8.603676482,47.39037531,5.966173333
"54",2020-03-12 14:58:12,2082.76663127414,2082.76663127414,8.603716674,47.39035739,5.956473333
"55",2020-03-12 14:58:14,2098.77907362756,2098.77907362756,8.6037550125,47.39033965,5.994123333
"56",2020-03-12 14:58:16,2120.12642488505,2120.12642488505,8.6037968645,47.390317815,5.987173333
"57",2020-03-12 14:58:18,2175.17391933593,2175.17391933593,8.603839887,47.390295405,6.037223333
"58",2020-03-12 14:58:20,2206.39859636765,2206.39859636765,8.6038848105,47.39027342,6.011873333
"59",2020-03-12 14:58:22,2237.62327339937,2237.62327339937,8.6038988255,47.390264455,5.943723333
"60",2020-03-12 14:58:24,2279.25841662931,2279.25841662931,8.6038972935,47.3902647,5.912723333
"61",2020-03-12 14:58:26,2358.18313489216,2358.18313489216,8.6038951055,47.390265295,5.864773333
"62",2020-03-12 14:58:28,2401.05386236515,2401.05386236515,8.6038953065,47.390265115,5.840473333
"63",2020-03-12 14:58:30,2443.92458983814,2443.92458983814,8.603896228,47.39026465,5.800873333
"64",2020-03-12 14:58:32,2472.50418163474,2472.50418163474,8.603895972,47.39026289,5.807973333
"65",2020-03-12 14:58:34,2501.08377343134,2501.08377343134,8.603893822,47.39026647,5.732173333
"66",2020-03-12 14:58:36,2541.64399940242,2541.64399940242,8.6038889125,47.390259025,5.671923333
"67",2020-03-12 14:58:38,2562.73996251897,2562.73996251897,8.6038658615,47.390246,5.633673333
"68",2020-03-12 14:58:40,2569.7674437696,2569.7674437696,8.6038456355,47.39022991,5.617173333
"69",2020-03-12 14:58:42,2576.79492502022,2576.79492502022,8.603827686,47.390213465,5.563473333
"70",2020-03-12 14:58:44,2535.39298170198,2535.39298170198,8.603805619,47.390194315,5.617673333
"71",2020-03-12 14:58:46,2467.13664005286,2467.13664005286,8.6037848115,47.39017206,5.621473333
"72",2020-03-12 14:58:48,2444.3885782302,2444.3885782302,8.603766313,47.390150795,5.572473333
"73",2020-03-12 14:58:50,2421.64051640754,2421.64051640754,8.6037504115,47.390131245,5.570723333
"74",2020-03-12 14:58:52,2391.2410542406,2391.2410542406,8.6037458705,47.39012166,5.579673333
"75",2020-03-12 14:58:54,2379.85034664033,2379.85034664033,8.603747431,47.390119945,5.555323333
"76",2020-03-12 14:58:56,2376.0495072633,2376.0495072633,8.603747583,47.39012126,5.418623333
"77",2020-03-12 14:58:58,2372.24866788627,2372.24866788627,NA,NA,NA
"78",2020-03-12 14:59:00,2416.40791257312,2416.40791257312,8.603743303,47.39012169,3.496173333
"79",2020-03-12 14:59:02,2490.4795760385,2490.4795760385,8.6037418955,47.390122085,3.109073333
"80",2020-03-12 14:59:04,2515.17011440242,2515.17011440242,8.603739816,47.39012268,2.968673333
"81",2020-03-12 14:59:06,2539.86065276634,2539.86065276634,8.6037372505,47.390127075,2.997923333
"82",2020-03-12 14:59:08,2594.95339838218,2594.95339838218,8.603738077,47.390140195,3.034573333
"83",2020-03-12 14:59:10,2640.76907487595,2640.76907487595,8.6037438675,47.39016405,3.065123333
"84",2020-03-12 14:59:12,2656.04567095597,2656.04567095597,NA,NA,NA
"85",2020-03-12 14:59:14,2671.32226703598,2671.32226703598,8.603754414,47.39019951,3.052373333
"86",2020-03-12 14:59:16,2654.61061134709,2654.61061134709,8.6037719445,47.390216865,2.854423333
"87",2020-03-12 14:59:18,2569.39372075336,2569.39372075336,8.60378171,47.390236985,2.957923333
"88",2020-03-12 14:59:20,2526.78004253387,2526.78004253387,8.6037902905,47.39025276,2.912523333
"89",2020-03-12 14:59:22,2484.16636431438,2484.16636431438,8.6038109905,47.39026224,2.964223333
"90",2020-03-12 14:59:24,2414.12616937071,2414.12616937071,8.603825533,47.390265275,2.970873333
"91",2020-03-12 14:59:26,2330.79443021137,2330.79443021137,8.6038348985,47.390267,2.968073333
"92",2020-03-12 14:59:28,2247.46271722396,2247.46271722396,8.603845883,47.39027,2.918323333
"93",2020-03-12 14:59:30,2164.12654981964,2164.12654981964,8.603857471,47.390275505,2.846273333
"94",2020-03-12 14:59:32,2122.28017355278,2122.28017355278,8.603870329,47.39028619,2.839173333
"95",2020-03-12 14:59:34,2080.43379728591,2080.43379728591,8.6038848275,47.39029888,2.789923333
"96",2020-03-12 14:59:36,2030.06100604132,2030.06100604132,8.603897653,47.390311425,2.770823333
"97",2020-03-12 14:59:38,1996.48494754947,1996.48494754947,8.603909054,47.390322355,2.711473333
"98",2020-03-12 14:59:40,1983.46857446431,1983.46857446431,8.6039283035,47.39033549,2.729023333
"99",2020-03-12 14:59:42,1970.45220137915,1970.45220137915,8.6039569775,47.390350935,2.391623333
"100",2020-03-12 14:59:44,1962.63530565436,1962.63530565436,8.603987052,47.390375655,2.682323333
"101",2020-03-12 14:59:46,1960.02838846705,1960.02838846705,8.604012652,47.39039651,2.764723333
"102",2020-03-12 14:59:48,1957.42147127975,1957.42147127975,8.6040322035,47.390415595,2.780323333
"103",2020-03-12 14:59:50,1953.76866555249,1953.76866555249,8.604053141,47.390434135,2.765773333
"104",2020-03-12 14:59:52,1953.36656060449,1953.36656060449,8.604074524,47.390453945,2.722323333
"105",2020-03-12 14:59:54,1953.23363291532,1953.23363291532,8.604093848,47.39047494,2.684923333
"106",2020-03-12 14:59:56,1953.10070522615,1953.10070522615,8.604110407,47.39049702,2.651523333
"107",2020-03-12 14:59:58,1953.20695493287,1953.20695493287,8.604124057,47.3905157,2.615273333
"108",2020-03-12 15:00:00,1953.71572666379,1953.71572666379,8.6041366015,47.39053325,2.529673333
"109",2020-03-12 15:00:02,1953.88356896427,1953.88356896427,8.6041359185,47.39053891,2.629473333
"110",2020-03-12 15:00:04,1954.05141126475,1954.05141126475,8.604135032,47.390537005,3.740073333
"111",2020-03-12 15:00:06,1954.38427706558,1954.38427706558,8.6041363755,47.390536605,5.202323333
"112",2020-03-12 15:00:08,1954.47381828702,1954.47381828702,8.6041391735,47.39053785,6.831373333
"113",2020-03-12 15:00:10,1954.56335950845,1954.56335950845,8.6041389105,47.390538725,7.258623333
"114",2020-03-12 15:00:12,1954.6873119328,1954.6873119328,8.6041426645,47.390537575,7.327373333
"115",2020-03-12 15:00:14,1955.09263097389,1955.09263097389,8.60413895,47.390527545,7.267373333
"116",2020-03-12 15:00:16,1955.49795001498,1955.49795001498,8.604129474,47.390514185,7.189773333
"117",2020-03-12 15:00:18,1956.86347654791,1956.86347654791,8.6041177355,47.39050068,7.166373333
"118",2020-03-12 15:00:20,1957.56846003698,1957.56846003698,8.6041019005,47.39048579,7.213773333
"119",2020-03-12 15:00:22,1958.27344352605,1958.27344352605,8.6040866115,47.390469115,7.278473333
"120",2020-03-12 15:00:24,1960.00097257166,1960.00097257166,8.604075652,47.390452605,7.253173333
"121",2020-03-12 15:00:26,1961.22885484767,1961.22885484767,8.60406924,47.390439165,7.225623333
"122",2020-03-12 15:00:28,1961.84341619647,1961.84341619647,8.6040629515,47.39042937,7.266623333
"123",2020-03-12 15:00:30,1962.45797754527,1962.45797754527,8.6040554295,47.390421255,7.250123333
"124",2020-03-12 15:00:32,1965.33412699601,1965.33412699601,8.6040433415,47.390412325,7.235173333
"125",2020-03-12 15:00:34,1969.2465576827,1969.2465576827,8.60402707,47.39040208,7.185623333
"126",2020-03-12 15:00:36,1970.54804600781,1970.54804600781,8.6040148915,47.390391155,7.150973333
"127",2020-03-12 15:00:38,1971.84953433292,1971.84953433292,8.6040014835,47.390378955,7.084073333
"128",2020-03-12 15:00:40,1977.69124755698,1977.69124755698,8.6039842935,47.39036435,7.039373333
"129",2020-03-12 15:00:42,1985.58633587694,1985.58633587694,8.603969945,47.390350715,7.047373333
"130",2020-03-12 15:00:44,1988.21983996147,1988.21983996147,8.6039569575,47.390339115,7.107923333
"131",2020-03-12 15:00:46,1990.85334404601,1990.85334404601,8.603943184,47.39032306,7.154823333
"132",2020-03-12 15:00:48,2002.74869559312,2002.74869559312,8.6039306055,47.39030598,7.220323333
"133",2020-03-12 15:00:50,2010.96634270795,2010.96634270795,8.6039162,47.39028992,7.219973333
"134",2020-03-12 15:00:52,2019.18398982277,2019.18398982277,8.603899726,47.390272095,7.218023333
"135",2020-03-12 15:00:54,2030.14220103566,2030.14220103566,8.603884536,47.390252045,7.225523333
"136",2020-03-12 15:00:56,2054.21533875306,2054.21533875306,8.6038702145,47.390229965,7.257023333
"137",2020-03-12 15:00:58,2087.71110050874,2087.71110050874,8.603859067,47.390209545,7.326973333
"138",2020-03-12 15:01:00,2098.87361175957,2098.87361175957,8.603850898,47.39019287,7.334173333
"139",2020-03-12 15:01:02,2110.03612301039,2110.03612301039,8.603842246,47.390180605,7.342023333
"140",2020-03-12 15:01:04,2134.41631601654,2134.41631601654,8.6038272545,47.39016952,7.341123333
"141",2020-03-12 15:01:06,2168.02547973422,2168.02547973422,8.603807686,47.39015374,7.308023333
"142",2020-03-12 15:01:08,2201.63465400751,2201.63465400751,8.6037873415,47.39013501,7.294373333
"143",2020-03-12 15:01:10,2235.24463348046,2235.24463348046,8.6037756725,47.390119395,7.271323333
"144",2020-03-12 15:01:12,2265.86844500361,2265.86844500361,8.603772926,47.390113985,6.732623333
"145",2020-03-12 15:01:14,2278.8435687422,2278.8435687422,8.603773601,47.39011465,5.352923333
"146",2020-03-12 15:01:16,2291.81869655587,2291.81869655587,8.6037712325,47.390116035,3.758823333
"147",2020-03-12 15:01:18,2299.80306623604,2299.80306623604,8.6037717525,47.39011726,2.321773333
"148",2020-03-12 15:01:20,2307.78743591622,2307.78743591622,8.6037683605,47.390117225,1.829673333
"149",2020-03-12 15:01:22,2290.59826483712,2290.59826483712,8.603767345,47.39011544,1.535073333
"150",2020-03-12 15:01:24,2270.41144888497,2270.41144888497,8.603767003,47.39011561,1.271723333
"151",2020-03-12 15:01:26,2260.32164970116,2260.32164970116,8.603764283,47.390115475,1.103723333
"152",2020-03-12 15:01:28,2250.23185051734,2250.23185051734,8.603764415,47.39011519,1.118723333
"153",2020-03-12 15:01:30,2238.04900865493,2238.04900865493,8.603766852,47.39011485,1.190273333
"154",2020-03-12 15:01:32,2247.62431564883,2247.62431564883,8.6037682725,47.390115245,1.225273333
"155",2020-03-12 15:01:34,2250.81498351755,2250.81498351755,8.6037693365,47.390113825,1.363823333
"156",2020-03-12 15:01:36,2254.00565138626,2254.00565138626,8.6037710465,47.3901131,1.615973333
"157",2020-03-12 15:01:38,2300.9566718673,2300.9566718673,8.6037787995,47.39011385,1.723223333
"158",2020-03-12 15:01:40,2395.1509710448,2395.1509710448,8.603792147,47.390118555,1.687873333
"159",2020-03-12 15:01:42,2426.54897785601,2426.54897785601,8.6038031775,47.3901267,1.700423333
"160",2020-03-12 15:01:44,2457.94698466722,2457.94698466722,8.6038126245,47.39013892,1.671023333
"161",2020-03-12 15:01:46,2591.05536206766,2591.05536206766,8.603819338,47.390149005,1.600423333
"162",2020-03-12 15:01:48,2775.76675347897,2775.76675347897,8.603822968,47.390160955,1.614523333
"163",2020-03-12 15:01:50,2837.32960424835,2837.32960424835,8.6038360505,47.390178635,1.541523333
"164",2020-03-12 15:01:52,2898.89245501774,2898.89245501774,8.6038548415,47.39019768,1.539423333
"165",2020-03-12 15:01:54,3018.08822313113,3018.08822313113,8.603872137,47.39021654,1.559323333
"166",2020-03-12 15:01:56,3116.63902110548,3116.63902110548,8.6038878725,47.39023446,1.513323333
"167",2020-03-12 15:01:58,3215.1898500316,3215.1898500316,8.603906995,47.39024939,1.462423333
"168",2020-03-12 15:02:00,3313.75136114351,3313.75136114351,8.603928912,47.39026297,1.429273333
"169",2020-03-12 15:02:02,3390.3820335302,3390.3820335302,8.6039518715,47.3902767,1.397773333
"170",2020-03-12 15:02:04,3237.04768547617,3237.04768547617,8.603972886,47.390294095,1.406823333
"171",2020-03-12 15:02:06,3160.38229475819,3160.38229475819,8.6039859505,47.39031538,1.409423333
"172",2020-03-12 15:02:08,3083.71690404022,3083.71690404022,8.603993041,47.39033469,1.312923333
"173",2020-03-12 15:02:10,2980.444601867,2980.444601867,8.604002973,47.3903512,1.265123333
"174",2020-03-12 15:02:12,2877.17229969378,2877.17229969378,8.6040199,47.390368815,1.181873333
"175",2020-03-12 15:02:14,2600.68181639568,2600.68181639568,8.60403768,47.39038834,1.125823333
"176",2020-03-12 15:02:16,2416.35145693712,2416.35145693712,8.6040576055,47.390407595,1.060273333
"177",2020-03-12 15:02:18,2315.43466823366,2315.43466823366,8.604080012,47.390428395,1.062223333
"178",2020-03-12 15:02:20,2214.5178795302,2214.5178795302,8.604101411,47.39045011,1.019573333
"179",2020-03-12 15:02:22,2111.68528649202,2111.68528649202,8.6041214025,47.390470725,1.028173333
"180",2020-03-12 15:02:24,2077.41192284909,2077.41192284909,8.604143187,47.39049086,1.008973333
"181",2020-03-12 15:02:26,2043.13855920615,2043.13855920615,8.604162446,47.390511555,1.056973333
"182",2020-03-12 15:02:28,1980.93512527864,1980.93512527864,8.604181922,47.390533595,1.027123333
"183",2020-03-12 15:02:30,1970.75805815603,1970.75805815603,8.6041938015,47.390557805,1.135573333
"184",2020-03-12 15:02:32,1967.36479614424,1967.36479614424,8.6042016385,47.390582755,1.265073333
"185",2020-03-12 15:02:34,1963.97153413244,1963.97153413244,8.604212957,47.39060349,1.314223333
"186",2020-03-12 15:02:36,1958.51960602665,1958.51960602665,8.604223896,47.390619475,1.385823333
"187",2020-03-12 15:02:38,1959.6403148491,1959.6403148491,8.6042208655,47.390623175,2.233123333
"188",2020-03-12 15:02:40,1960.01235649623,1960.01235649623,8.604219966,47.39062192,3.608023333
"189",2020-03-12 15:02:42,1960.38439814335,1960.38439814335,8.604222215,47.39062031,5.023573333
"190",2020-03-12 15:02:44,1962.47218550841,1962.47218550841,8.60422632,47.3906206,5.266573333
"191",2020-03-12 15:02:46,1965.86770077552,1965.86770077552,8.604225563,47.39062206,5.166123333
"192",2020-03-12 15:02:48,1966.99591071875,1966.99591071875,8.604224434,47.390622155,4.910273333
"193",2020-03-12 15:02:50,1968.12412066199,1968.12412066199,8.6042173725,47.39061942,4.909573333
"194",2020-03-12 15:02:52,1972.82603075297,1972.82603075297,8.6041868265,47.390605935,4.918173333
"195",2020-03-12 15:02:54,1979.48412444981,1979.48412444981,8.604148493,47.39058266,4.894223333
"196",2020-03-12 15:02:56,1981.71165360664,1981.71165360664,8.6041157295,47.390556005,4.860923333
"197",2020-03-12 15:02:58,1983.93918276347,1983.93918276347,8.604087736,47.390531595,4.890523333
"198",2020-03-12 15:03:00,1994.33611542682,1994.33611542682,8.6040702965,47.39051164,4.886573333
"199",2020-03-12 15:03:02,2009.90935953149,2009.90935953149,8.6040588865,47.390496545,4.927673333
"200",2020-03-12 15:03:04,2015.10064086991,2015.10064086991,8.60404615,47.39048626,4.950473333
"201",2020-03-12 15:03:06,2020.29192220834,2020.29192220834,8.6040284595,47.390474175,4.974173333
"202",2020-03-12 15:03:08,2043.25539443457,2043.25539443457,8.6040096665,47.39045492,5.002673333
"203",2020-03-12 15:03:10,2059.66938024205,2059.66938024205,8.603993735,47.390430225,4.993023333
"204",2020-03-12 15:03:12,2076.08336604954,2076.08336604954,8.603980297,47.39040675,4.927323333
"205",2020-03-12 15:03:14,2097.96105248234,2097.96105248234,8.6039665035,47.39038535,4.848823333
"206",2020-03-12 15:03:16,2136.93259722574,2136.93259722574,8.603950622,47.39036677,4.883173333
"207",2020-03-12 15:03:18,2160.43783884869,2160.43783884869,8.6039332125,47.3903501,4.930873333
"208",2020-03-12 15:03:20,2183.94308047165,2183.94308047165,8.603917056,47.39033263,4.956823333
"209",2020-03-12 15:03:22,2199.61247894918,2199.61247894918,8.603898084,47.39031223,4.969023333
"210",2020-03-12 15:03:24,2215.28187742672,2215.28187742672,8.603873164,47.39028512,4.959473333
"211",2020-03-12 15:03:26,2246.17269228598,2246.17269228598,8.60386131,47.390249155,4.950323333
"212",2020-03-12 15:03:28,2255.31656054934,2255.31656054934,8.603853716,47.390209905,4.939623333
"213",2020-03-12 15:03:30,2258.36612992675,2258.36612992675,8.603811513,47.39016493,4.998823333
"214",2020-03-12 15:03:32,2261.41569930417,2261.41569930417,8.6037803835,47.39012858,5.054523333
"215",2020-03-12 15:03:34,2243.00111357223,2243.00111357223,8.6037626825,47.39010313,5.056873333
"216",2020-03-12 15:03:36,2189.64631826783,2189.64631826783,8.6037478475,47.390083365,5.025373333
"217",2020-03-12 15:03:38,2171.85923548065,2171.85923548065,8.603732428,47.39006714,4.990423333
"218",2020-03-12 15:03:40,2154.07215269348,2154.07215269348,8.6037296295,47.39006135,6.056373333
"219",2020-03-12 15:03:42,2107.00091591764,2107.00091591764,8.6037276335,47.390064845,8.730373333
"220",2020-03-12 15:03:44,2068.00560914936,2068.00560914936,8.6037272595,47.390065585,9.874073333
"221",2020-03-12 15:03:46,2055.00965224502,2055.00965224502,8.603732817,47.39006592,10.00167333
"222",2020-03-12 15:03:48,2042.01369534069,2042.01369534069,8.6037443115,47.390071555,9.945523333
"223",2020-03-12 15:03:50,2019.84201532666,2019.84201532666,8.603759786,47.39008172,9.771473333
"224",2020-03-12 15:03:52,2022.82378036655,2022.82378036655,8.603781599,47.39009938,9.748123333
"225",2020-03-12 15:03:54,2023.81476289383,2023.81476289383,8.603804136,47.39011794,9.747723333
"226",2020-03-12 15:03:56,2024.80574542111,2024.80574542111,8.603826439,47.3901309,9.698073333
"227",2020-03-12 15:03:58,2036.71575266836,2036.71575266836,8.603847245,47.39014189,9.584873333
"228",2020-03-12 15:04:00,2050.33205664353,2050.33205664353,8.603870133,47.39015614,9.493923333
"229",2020-03-12 15:04:02,2063.94836061869,2063.94836061869,8.6038888775,47.3901736,9.427423333
"230",2020-03-12 15:04:04,2082.11137303091,2082.11137303091,8.603907746,47.3901923,9.401123333
"231",2020-03-12 15:04:06,2108.42534732763,2108.42534732763,8.603924386,47.390208705,9.413323333
"232",2020-03-12 15:04:08,2120.78563871553,2120.78563871553,8.6039376045,47.390224405,9.407723333
"233",2020-03-12 15:04:10,2133.14593010343,2133.14593010343,8.603950974,47.39024259,9.366223333
"234",2020-03-12 15:04:12,2143.53788492646,2143.53788492646,8.6039589025,47.390262585,9.395723333
"235",2020-03-12 15:04:14,2153.92983974949,2153.92983974949,8.603972893,47.39028292,9.379323333
"236",2020-03-12 15:04:16,2142.10765222902,2142.10765222902,8.603999272,47.39030424,9.344123333
"237",2020-03-12 15:04:18,2130.28546470855,2130.28546470855,8.604029923,47.390328485,9.277973333
"238",2020-03-12 15:04:20,2113.09945089874,2113.09945089874,8.6040575335,47.39035633,9.238723333
"239",2020-03-12 15:04:22,2081.26016417267,2081.26016417267,8.6040768745,47.390382125,9.186623333
"240",2020-03-12 15:04:24,2060.1647017327,2060.1647017327,8.6040910845,47.390402965,9.168123333
"241",2020-03-12 15:04:26,2039.06923929274,2039.06923929274,8.6041063,47.39042109,9.148973333
"242",2020-03-12 15:04:28,2025.00098830794,2025.00098830794,8.604122628,47.390439815,9.123923333
"243",2020-03-12 15:04:30,2010.93273732315,2010.93273732315,8.6041368085,47.390459645,9.130123333
"244",2020-03-12 15:04:32,1981.71082565228,1981.71082565228,8.60415255,47.39047699,9.050423333
"245",2020-03-12 15:04:34,1971.18558637455,1971.18558637455,8.6041721485,47.39049219,9.037573333
"246",2020-03-12 15:04:36,1967.6798109867,1967.6798109867,8.6041926065,47.39050469,9.048623333
"247",2020-03-12 15:04:38,1964.17403559884,1964.17403559884,8.6042226935,47.390519545,9.011673333
"248",2020-03-12 15:04:40,1957.89140884033,1957.89140884033,8.6042606295,47.39054079,8.908523333
"249",2020-03-12 15:04:42,1958.08118687891,1958.08118687891,8.60427963,47.3905498,8.757273333
"250",2020-03-12 15:04:44,1958.14590552677,1958.14590552677,8.6042887505,47.39054429,7.660673333
"251",2020-03-12 15:04:46,1958.21062417463,1958.21062417463,8.604293425,47.390540835,5.812123333
"252",2020-03-12 15:04:48,1959.10607060467,1959.10607060467,8.604293223,47.39054017,3.873073333
"253",2020-03-12 15:04:50,1960.99127838165,1960.99127838165,8.6042923275,47.39053992,2.171123333
"254",2020-03-12 15:04:52,1961.62117649718,1961.62117649718,8.604292784,47.39054,1.574323333
"255",2020-03-12 15:04:54,1962.25107461272,1962.25107461272,8.60429013,47.390541815,1.408573333
"256",2020-03-12 15:04:56,1964.98082144408,1964.98082144408,8.604287044,47.39054364,1.367823333
"257",2020-03-12 15:04:58,1968.99933534444,1968.99933534444,8.6042791985,47.3905353,1.413123333
"258",2020-03-12 15:05:00,1970.33682755765,1970.33682755765,8.6042700245,47.390519075,1.456623333
"259",2020-03-12 15:05:02,1971.67431977085,1971.67431977085,8.6042660755,47.390498575,1.506773333
"260",2020-03-12 15:05:04,1977.16015157462,1977.16015157462,8.60426454,47.3904766,1.471373333
"261",2020-03-12 15:05:06,1980.98357857164,1980.98357857164,8.60426115,47.39046006,1.456773333
"262",2020-03-12 15:05:08,1984.80700556865,1984.80700556865,8.6042599625,47.390446495,1.457623333
"263",2020-03-12 15:05:10,1989.90568424318,1989.90568424318,8.6042559095,47.39043612,1.464723333
"264",2020-03-12 15:05:12,2000.32421884269,2000.32421884269,8.6042497545,47.39042712,1.448773333
"265",2020-03-12 15:05:14,2007.4668635017,2007.4668635017,8.6042380775,47.390418535,1.447873333
"266",2020-03-12 15:05:16,2014.60950816071,2014.60950816071,8.6042184935,47.39040506,1.462273333
"267",2020-03-12 15:05:18,2024.13852999407,2024.13852999407,8.6041917155,47.39038678,1.505573333
"268",2020-03-12 15:05:20,2045.10643963185,2045.10643963185,8.604165028,47.39036985,1.590473333
"269",2020-03-12 15:05:22,2060.48222891098,2060.48222891098,8.60414236,47.39035334,1.642923333
"270",2020-03-12 15:05:24,2075.85801819012,2075.85801819012,8.604121886,47.390337235,1.628723333
"271",2020-03-12 15:05:26,2096.34980757848,2096.34980757848,8.6041014645,47.39032082,1.625073333
"272",2020-03-12 15:05:28,2118.59440780799,2118.59440780799,8.604082899,47.390305195,1.629623333
"273",2020-03-12 15:05:30,2163.82198727411,2163.82198727411,8.6040580375,47.39028977,1.678123333
"274",2020-03-12 15:05:32,2209.04955253565,2209.04955253565,8.6040271675,47.390273105,1.726623333
"275",2020-03-12 15:05:34,2254.26816247959,2254.26816247959,8.6040008725,47.390254445,1.792623333
"276",2020-03-12 15:05:36,2303.061121816,2303.061121816,8.6039826335,47.390238485,1.779123333
"277",2020-03-12 15:05:38,2405.67331053001,2405.67331053001,8.603962105,47.39022326,1.810373333
"278",2020-03-12 15:05:40,2508.28553147134,2508.28553147134,8.6039400515,47.39020631,1.841323333
"279",2020-03-12 15:05:42,2587.35846600778,2587.35846600778,8.6039168845,47.39018969,1.869023333
"280",2020-03-12 15:05:44,2666.43140054421,2666.43140054421,8.6038956625,47.390174355,1.898573333
"281",2020-03-12 15:05:46,2910.03412508162,2910.03412508162,NA,NA,NA
"282",2020-03-12 15:05:48,3098.11483674551,3098.11483674551,8.6038475375,47.39014782,2.024873333
"283",2020-03-12 15:05:50,3192.1399171163,3192.1399171163,8.6038249915,47.390130665,2.028573333
"284",2020-03-12 15:05:52,3286.1649974871,3286.1649974871,8.6038067475,47.390109985,2.062523333
"285",2020-03-12 15:05:54,3516.64162084047,3516.64162084047,8.603791497,47.390093855,2.071973333
"286",2020-03-12 15:05:56,3664.2237442454,3664.2237442454,8.60377566,47.39008123,2.124023333
"287",2020-03-12 15:05:58,3713.42676580363,3713.42676580363,8.60375762,47.39006955,2.227573333
"288",2020-03-12 15:06:00,3762.62978736186,3762.62978736186,8.6037392605,47.390056635,2.268123333
"289",2020-03-12 15:06:02,3736.83962979029,3736.83962979029,8.603720208,47.390042935,2.288073333
"290",2020-03-12 15:06:04,3411.39368639999,3411.39368639999,8.6037021785,47.39003005,2.386623333
"291",2020-03-12 15:06:06,3302.92400748909,3302.92400748909,8.6036859805,47.39001912,2.423023333
"292",2020-03-12 15:06:08,3194.4543285782,3194.4543285782,8.6036823505,47.390016605,3.355273333
"293",2020-03-12 15:06:10,2876.96686181551,2876.96686181551,8.6036816275,47.3900181,5.358073333
"294",2020-03-12 15:06:12,2574.30220725584,2574.30220725584,8.6036841325,47.390019065,6.822023333
"295",2020-03-12 15:06:14,2473.41782205582,2473.41782205582,8.6036903145,47.39001844,6.460473333
"296",2020-03-12 15:06:16,2372.53343685581,2372.53343685581,8.6036904485,47.39001929,6.012023333
"297",2020-03-12 15:06:18,2162.32681516948,2162.32681516948,8.603687524,47.39001948,5.641423333
"298",2020-03-12 15:06:20,2107.13509347815,2107.13509347815,8.60368597,47.390018535,5.451023333
"299",2020-03-12 15:06:22,2088.73618796043,2088.73618796043,8.603694527,47.390024145,5.320823333
"300",2020-03-12 15:06:24,2070.33728244271,2070.33728244271,8.6037189945,47.390040795,5.181023333
"301",2020-03-12 15:06:26,2036.61958528064,2036.61958528064,8.6037420595,47.39005872,5.111973333
"302",2020-03-12 15:06:28,2047.19072527434,2047.19072527434,8.603759438,47.390075115,5.053773333
"303",2020-03-12 15:06:30,2057.76186858811,2057.76186858811,8.603775407,47.390086975,4.992323333
"304",2020-03-12 15:06:32,2068.33293468994,2068.33293468994,8.6037963055,47.39009887,4.917473333
"305",2020-03-12 15:06:34,2080.06899638258,2080.06899638258,8.603817993,47.3901139,4.925073333
"306",2020-03-12 15:06:36,2112.82641570877,2112.82641570877,8.603843661,47.39012956,4.912673333
"307",2020-03-12 15:06:38,2145.58382474688,2145.58382474688,8.6038732795,47.39014722,4.917473333
"308",2020-03-12 15:06:40,2178.34168918987,2178.34168918987,8.6039000895,47.39016613,4.961273333
"309",2020-03-12 15:06:42,2206.342477418,2206.342477418,8.603915355,47.390182805,5.044023333
"310",2020-03-12 15:06:44,2234.34326564613,2234.34326564613,8.60391619,47.39019784,5.047773333
"311",2020-03-12 15:06:46,2306.84974105605,2306.84974105605,8.60391321,47.390207945,5.001473333
"312",2020-03-12 15:06:48,2331.47706494326,2331.47706494326,8.6039195985,47.390221155,4.952773333
"313",2020-03-12 15:06:50,2356.10438883047,2356.10438883047,8.6039309645,47.390240675,4.935723333
"314",2020-03-12 15:06:52,2417.78483117501,2417.78483117501,8.60394115,47.390255865,4.934473333
"315",2020-03-12 15:06:54,2448.34277571657,2448.34277571657,8.6039544235,47.39026955,4.966723333
"316",2020-03-12 15:06:56,2457.41253022815,2457.41253022815,8.6039640095,47.39028301,4.987873333
"317",2020-03-12 15:06:58,2466.48228473973,2466.48228473973,8.6039784555,47.39029719,5.044973333
"318",2020-03-12 15:07:00,2471.44958372194,2471.44958372194,8.6039890405,47.390310355,5.087223333
"319",2020-03-12 15:07:02,2418.11336682209,2418.11336682209,8.603999712,47.3903226,5.097523333
"320",2020-03-12 15:07:04,2398.03265423785,2398.03265423785,8.6040135965,47.390334905,5.090173333
"321",2020-03-12 15:07:06,2377.9519416536,2377.9519416536,8.60402731,47.3903492,5.139773333
"322",2020-03-12 15:07:08,2308.68858184248,2308.68858184248,8.6040452865,47.390368345,5.137273333
"323",2020-03-12 15:07:10,2216.26917670551,2216.26917670551,8.6040592875,47.390389055,5.156723333
"324",2020-03-12 15:07:12,2184.61220201312,2184.61220201312,8.604079483,47.39041117,5.169573333
"325",2020-03-12 15:07:14,2152.95522732073,2152.95522732073,8.604095219,47.390433495,5.157873333
"326",2020-03-12 15:07:16,2071.70698408945,2071.70698408945,8.604106254,47.39045687,5.169173333
"327",2020-03-12 15:07:18,2026.70921056584,2026.70921056584,8.6041212,47.39047376,5.142773333
"328",2020-03-12 15:07:20,2013.17771392832,2013.17771392832,8.6041398535,47.39048458,5.137723333
"329",2020-03-12 15:07:22,1999.64621729079,1999.64621729079,8.604159627,47.390494415,5.075773333
"330",2020-03-12 15:07:24,1967.71263228087,1967.71263228087,8.6041780615,47.390504445,5.022073333
"331",2020-03-12 15:07:26,1963.87907547469,1963.87907547469,8.604190788,47.390517945,5.040873333
"332",2020-03-12 15:07:28,1960.04551866851,1960.04551866851,8.604198897,47.39053255,5.027873333
"333",2020-03-12 15:07:30,1958.64768791963,1958.64768791963,8.6042109995,47.39054709,5.089573333
"334",2020-03-12 15:07:32,1957.24985717074,1957.24985717074,8.604233878,47.390565275,5.051523333
"335",2020-03-12 15:07:34,1953.87018574356,1953.87018574356,8.604263463,47.39058885,5.063523333
"336",2020-03-12 15:07:36,1953.14755024748,1953.14755024748,8.604280095,47.390605955,5.691973333
"337",2020-03-12 15:07:38,1953.08298022545,1953.08298022545,8.604278475,47.39060771,8.545223333
"338",2020-03-12 15:07:40,1953.01841020341,1953.01841020341,8.6042824735,47.39060481,9.9374733315
"339",2020-03-12 15:07:42,1952.867164067,1952.867164067,8.6042854915,47.39060487,10.47852333
"340",2020-03-12 15:07:44,1952.80995361403,1952.80995361403,8.604285283,47.390602375,10.51037333
"341",2020-03-12 15:07:46,1952.7925098522,1952.7925098522,8.6042720925,47.390591755,10.51082333
"342",2020-03-12 15:07:48,1952.77506609037,1952.77506609037,8.6042512005,47.39057379,10.54092333
"343",2020-03-12 15:07:50,1952.81127166467,1952.81127166467,8.6042304465,47.39055234,10.50922333
"344",2020-03-12 15:07:52,1953.18437228519,1953.18437228519,8.6042098725,47.390530785,10.54642333
"345",2020-03-12 15:07:54,1953.33315099487,1953.33315099487,8.604188388,47.39051144,10.57777333
"346",2020-03-12 15:07:56,1953.48192970456,1953.48192970456,8.604177433,47.390496435,10.55362333
"347",2020-03-12 15:07:58,1953.91870544041,1953.91870544041,8.604175145,47.39048634,10.51342333
"348",2020-03-12 15:08:00,1954.28898080097,1954.28898080097,8.604170866,47.390480535,10.54407333
"349",2020-03-12 15:08:02,1954.41094485867,1954.41094485867,8.6041619905,47.39047244,10.58552333
"350",2020-03-12 15:08:04,1954.53290891638,1954.53290891638,8.6041480995,47.39046039,10.63402333
"351",2020-03-12 15:08:06,1954.89377386029,1954.89377386029,8.604134321,47.390448045,10.62482333
"352",2020-03-12 15:08:08,1955.06410638225,1955.06410638225,8.6041201595,47.390436115,10.66237333
"353",2020-03-12 15:08:10,1955.23443890421,1955.23443890421,8.604103952,47.390422985,10.73222333
"354",2020-03-12 15:08:12,1955.4632660397,1955.4632660397,8.6040880865,47.39040937,10.78597333
"355",2020-03-12 15:08:14,1955.80929637858,1955.80929637858,8.6040709195,47.39039699,10.83372333
"356",2020-03-12 15:08:16,1955.9678484588,1955.9678484588,8.604052462,47.39038358,10.81922333
"357",2020-03-12 15:08:18,1956.12640053902,1956.12640053902,8.604029822,47.390365545,10.82007333
"358",2020-03-12 15:08:20,1956.32374940213,1956.32374940213,8.6040050365,47.39034273,10.74882333
"359",2020-03-12 15:08:22,1956.58495704504,1956.58495704504,8.6039799495,47.390317805,10.72912333
"360",2020-03-12 15:08:24,1956.70107547774,1956.70107547774,8.603966342,47.390298345,10.73912333
"361",2020-03-12 15:08:26,1956.81719391044,1956.81719391044,8.6039580585,47.390279785,10.78802333
"362",2020-03-12 15:08:28,1956.99344044787,1956.99344044787,8.6039489995,47.390264835,10.87147333
"363",2020-03-12 15:08:30,1957.16968698529,1957.16968698529,8.6039335965,47.390249755,10.93872333
"364",2020-03-12 15:08:32,1957.42417987253,1957.42417987253,8.6039116135,47.390229475,10.98622333
"365",2020-03-12 15:08:34,1957.67867275977,1957.67867275977,8.603892253,47.390209245,11.04082333
"366",2020-03-12 15:08:36,1957.96998185308,1957.96998185308,8.603875074,47.39019201,11.05797333
"367",2020-03-12 15:08:38,1958.28007279267,1958.28007279267,8.603858933,47.390179215,11.01577333
"368",2020-03-12 15:08:40,1958.24780600436,1958.24780600436,8.603843339,47.39016624,11.07872333
"369",2020-03-12 15:08:42,1958.21553921604,1958.21553921604,8.6038240105,47.390150515,11.10492333
"370",2020-03-12 15:08:44,1958.175956251,1958.175956251,8.603799085,47.39013121,11.07562333
"371",2020-03-12 15:08:46,1958.13637328595,1958.13637328595,8.6037725035,47.39011069,11.09402333
"372",2020-03-12 15:08:48,1958.17345181692,1958.17345181692,8.603749359,47.390095555,11.05232333
"373",2020-03-12 15:08:50,1958.83164644706,1958.83164644706,8.6037254315,47.390080035,11.02572333
"374",2020-03-12 15:08:52,1959.10539539148,1959.10539539148,8.603718093,47.390074315,10.1041233315
"375",2020-03-12 15:08:54,1959.3791443359,1959.3791443359,8.6037175365,47.390074825,8.132773333
"376",2020-03-12 15:08:56,1960.2368708078,1960.2368708078,8.60371806,47.390075695,5.657923333
"377",2020-03-12 15:08:58,1961.19264895905,1961.19264895905,8.603717111,47.390076455,4.016173333
"378",2020-03-12 15:09:00,1961.51835511315,1961.51835511315,8.6037148045,47.39007748,4.345023333
"379",2020-03-12 15:09:02,1961.84406126725,1961.84406126725,8.6037157875,47.390075865,4.547273333
"380",2020-03-12 15:09:04,1962.90453089165,1962.90453089165,8.6037256415,47.3900791,4.490223333
"381",2020-03-12 15:09:06,1964.32590491576,1964.32590491576,8.603744684,47.39009487,4.372273333
"382",2020-03-12 15:09:08,1964.82820423983,1964.82820423983,8.6037593095,47.39011251,4.344023333
"383",2020-03-12 15:09:10,1965.33050356389,1965.33050356389,8.603774296,47.390127985,4.351873333
"384",2020-03-12 15:09:12,1966.62403650467,1966.62403650467,8.60378977,47.390143435,4.290223333
"385",2020-03-12 15:09:14,1967.1578760378,1967.1578760378,8.6038065195,47.390157705,4.219273333
"386",2020-03-12 15:09:16,1967.28660614423,1967.28660614423,8.603822953,47.390174075,4.225073333
"387",2020-03-12 15:09:18,1967.41533625065,1967.41533625065,8.6038388185,47.390193065,4.184173333
"388",2020-03-12 15:09:20,1968.11784879207,1968.11784879207,8.603853432,47.39021476,4.162723333
"389",2020-03-12 15:09:22,1969.00617226936,1969.00617226936,8.6038680535,47.39023678,4.216923333
"390",2020-03-12 15:09:24,1969.89449574666,1969.89449574666,8.60387604,47.39026068,4.277873333
"391",2020-03-12 15:09:26,1971.23161748411,1971.23161748411,8.6038775505,47.39028677,4.281423333
"392",2020-03-12 15:09:28,1973.95555020011,1973.95555020011,8.6038772045,47.390309035,4.266773333
"393",2020-03-12 15:09:30,1976.52368019828,1976.52368019828,8.603875828,47.39032621,4.257773333
"394",2020-03-12 15:09:32,1979.09181019644,1979.09181019644,8.6038776445,47.390341725,4.231873333
"395",2020-03-12 15:09:34,1982.84542607368,1982.84542607368,8.6038865465,47.390357965,4.271823333
"396",2020-03-12 15:09:36,1986.60356202317,1986.60356202317,8.6039005565,47.390375855,4.317923333
"397",2020-03-12 15:09:38,1992.41312846626,1992.41312846626,8.603919423,47.39039555,4.279073333
"398",2020-03-12 15:09:40,1999.79226977629,1999.79226977629,8.603939882,47.39041686,4.293673333
"399",2020-03-12 15:09:42,2007.16943013674,2007.16943013674,8.6039631205,47.390438925,4.325123333
"400",2020-03-12 15:09:44,2014.54541610072,2014.54541610072,8.603995548,47.39045888,4.298473333
"401",2020-03-12 15:09:46,2019.98666120031,2019.98666120031,8.6040281655,47.39048011,4.309023333
"402",2020-03-12 15:09:48,2023.85264751079,2023.85264751079,8.6040590145,47.3904974,4.350523333
"403",2020-03-12 15:09:50,2025.78753617089,2025.78753617089,8.6040924995,47.39051081,4.442573333
"404",2020-03-12 15:09:52,2027.722424831,2027.722424831,8.6041239195,47.39052655,4.427823333
"405",2020-03-12 15:09:54,2031.52990815909,2031.52990815909,8.6041471685,47.390548725,4.415723333
"406",2020-03-12 15:09:56,2024.77131707105,2024.77131707105,8.6041582775,47.39056508,4.403323333
"407",2020-03-12 15:09:58,2021.4270179701,2021.4270179701,8.604145027,47.390593675,4.471573333
"408",2020-03-12 15:10:00,2018.08271886915,2018.08271886915,8.6040631295,47.39066661,4.497723333
"409",2020-03-12 15:10:02,2007.87015736202,2007.87015736202,8.6038542475,47.39068907,4.533473333
"410",2020-03-12 15:10:04,1996.70029064532,1996.70029064532,8.6035786865,47.39066315,4.704273333
"411",2020-03-12 15:10:06,1992.88458400716,1992.88458400716,8.603375952,47.390634085,4.484723333
"412",2020-03-12 15:10:08,1989.06887736899,1989.06887736899,8.60333624,47.390614715,4.428873333
"413",2020-03-12 15:10:10,1978.11074574526,1978.11074574526,8.6033287215,47.3905994,3.835023333
"414",2020-03-12 15:10:12,1971.02916612921,1971.02916612921,8.603316798,47.39058387,2.903423333
"415",2020-03-12 15:10:14,1969.15464259362,1969.15464259362,8.603298472,47.390564135,2.107123333
"416",2020-03-12 15:10:16,1967.28011905804,1967.28011905804,8.6032904705,47.390562995,1.019523333
"417",2020-03-12 15:10:18,1962.14135119577,1962.14135119577,8.603283407,47.390568125,0.481623333
"418",2020-03-12 15:10:20,1961.20515688364,1961.20515688364,8.6032793785,47.390574795,0.248173333
"419",2020-03-12 15:10:22,1961.44261941208,1961.44261941208,8.603280865,47.390576155,0.020073333
"420",2020-03-12 15:10:24,1961.68008194053,1961.68008194053,8.6032815625,47.39057618,0.002023333
"421",2020-03-12 15:10:26,1962.60508749105,1962.60508749105,8.6032817245,47.3905763,-0.000776667
"422",2020-03-12 15:10:28,1965.62549060245,1965.62549060245,8.603281705,47.39057635,0.001873333
"423",2020-03-12 15:10:30,1966.90591076304,1966.90591076304,8.6032817085,47.39057636,0.0025733165
"424",2020-03-12 15:10:32,1968.18633092363,1968.18633092363,8.6032817145,47.390576355,-0.000326667
"425",2020-03-12 15:10:34,1970.77249337063,1970.77249337063,8.603281721,47.390576365,0.002773333
"426",2020-03-12 15:10:36,1975.61902207365,1975.61902207365,8.603281708,47.39057637,0.004873333
"427",2020-03-12 15:10:38,1978.56327074198,1978.56327074198,8.603281707,47.390576345,-0.003376667
"428",2020-03-12 15:10:40,1981.5075194103,1981.5075194103,8.6032817045,47.390576355,-0.000676667
"429",2020-03-12 15:10:42,1985.4178757759,1985.4178757759,8.6032817195,47.390576355,0.004123333
"430",2020-03-12 15:10:44,1990.05134756176,1990.05134756176,8.6032817235,47.39057637,0.004973333
"431",2020-03-12 15:10:46,1998.79468681271,1998.79468681271,8.603281728,47.390576365,0.010573333
"432",2020-03-12 15:10:48,2007.53578731054,2007.53578731054,8.6032817175,47.39057636,0.007523333
"433",2020-03-12 15:10:50,2016.24071993956,2016.24071993956,8.6032817115,47.3905764,0.009223333
"434",2020-03-12 15:10:52,2026.46443179594,2026.46443179594,8.6032817005,47.3905764,0.003323333
